{"S1": [0.8333333333333333, 0.9444444444444444, 0.8333333333333333, -0.05555555555555555, -0.2777777777777778, 0.611111111111111, 0.9444444444444444, 0.9444444444444444, 0.7222222222222222, 0.2777777777777778, 0.7222222222222222, 0.38888888888888884, 0.5, 0.611111111111111, 0.611111111111111, 0.611111111111111, 0.611111111111111, 0.7222222222222222, 0.2777777777777778, 0.611111111111111, 0.8333333333333333, 0.38888888888888884, 0.7222222222222222, 0.7222222222222222, 0.38888888888888884, 0.05555555555555555, 0.7222222222222222, 0.05555555555555555, 0.7222222222222222, 0.9444444444444444, 0.611111111111111, 0.7222222222222222, 0.8333333333333333, 0.8333333333333333, 0.5, -0.8333333333333333, 0.611111111111111, 0.9444444444444444, 0.7222222222222222, 0.38888888888888884, 0.16666666666666666, 0.16666666666666666, 0.7222222222222222, 0.8333333333333333, 0.8333333333333333, -0.16666666666666666, -0.611111111111111, 0.38888888888888884, 0.9444444444444444, 0.5, -0.2777777777777778, 0.9444444444444444, 0.7222222222222222, -0.16666666666666666, 0.611111111111111, 0.9444444444444444, -0.16666666666666666, -0.611111111111111, 0.8333333333333333, 0.05555555555555555, -0.16666666666666666, 0.9444444444444444, 0.38888888888888884, -0.16666666666666666, 0.38888888888888884, 0.9444444444444444, -0.8333333333333333, 0.8333333333333333, 0.9444444444444444, 0.7222222222222222, 0.16666666666666666, 0.7222222222222222, 0.8333333333333333, 0.5, 0.8333333333333333], "S2": [-0.05555555555555555, -0.05555555555555555, 0.05555555555555555, 0.7222222222222222, 0.5, 0.2777777777777778, -0.05555555555555555, -0.05555555555555555, 0.05555555555555555, 0.5, 0.16666666666666666, 0.5, 0.38888888888888884, 0.16666666666666666, 0.2777777777777778, 0.16666666666666666, 0.2777777777777778, 0.16666666666666666, 0.5, 0.2777777777777778, 0.05555555555555555, 0.38888888888888884, 0.16666666666666666, 0.16666666666666666, 0.38888888888888884, 0.38888888888888884, 0.05555555555555555, 0.8333333333333333, 0.16666666666666666, -0.05555555555555555, 0.2777777777777778, 0.16666666666666666, 0.05555555555555555, 0.05555555555555555, 0.38888888888888884, 0.2777777777777778, 0.2777777777777778, -0.05555555555555555, 0.16666666666666666, 0.38888888888888884, 0.5, 0.611111111111111, 0.16666666666666666, 0.05555555555555555, 0.05555555555555555, 0.7222222222222222, 0.2777777777777778, -0.05555555555555555, -0.05555555555555555, 0.2777777777777778, 0.611111111111111, -0.05555555555555555, 0.16666666666666666, 0.16666666666666666, 0.2777777777777778, -0.05555555555555555, 0.2777777777777778, 0.5, 0.05555555555555555, 0.611111111111111, 0.8333333333333333, -0.05555555555555555, 0.2777777777777778, 0.7222222222222222, -0.16666666666666666, -0.05555555555555555, 0.8333333333333333, 0.05555555555555555, -0.05555555555555555, 0.16666666666666666, -0.16666666666666666, 0.16666666666666666, 0.05555555555555555, 0.38888888888888884, 0.05555555555555555], "S3": [-0.7777777777777777, -0.8888888888888888, -0.8888888888888888, -0.6666666666666666, -0.2222222222222222, -0.8888888888888888, -0.8888888888888888, -0.8888888888888888, -0.7777777777777777, -0.7777777777777777, -0.8888888888888888, -0.8888888888888888, -0.8888888888888888, -0.7777777777777777, -0.8888888888888888, -0.7777777777777777, -0.8888888888888888, -0.8888888888888888, -0.7777777777777777, -0.8888888888888888, -0.8888888888888888, -0.7777777777777777, -0.8888888888888888, -0.8888888888888888, -0.7777777777777777, -0.4444444444444444, -0.7777777777777777, -0.8888888888888888, -0.8888888888888888, -0.8888888888888888, -0.8888888888888888, -0.8888888888888888, -0.8888888888888888, -0.8888888888888888, -0.8888888888888888, 0.5555555555555556, -0.8888888888888888, -0.8888888888888888, -0.8888888888888888, -0.7777777777777777, -0.6666666666666666, -0.7777777777777777, -0.8888888888888888, -0.8888888888888888, -0.8888888888888888, -0.5555555555555556, 0.3333333333333333, -0.3333333333333333, -0.8888888888888888, -0.7777777777777777, -0.3333333333333333, -0.8888888888888888, -0.8888888888888888, 0.0, -0.8888888888888888, -0.8888888888888888, -0.1111111111111111, 0.1111111111111111, -0.8888888888888888, -0.6666666666666666, -0.6666666666666666, -0.8888888888888888, -0.6666666666666666, -0.5555555555555556, -0.2222222222222222, -0.8888888888888888, 0.0, -0.8888888888888888, -0.8888888888888888, -0.8888888888888888, 0.0, -0.8888888888888888, -0.8888888888888888, -0.8888888888888888, -0.8888888888888888], "C1": [0.16666666666666666, 0.38888888888888884, -0.2777777777777778, -0.5, 0.16666666666666666, -0.5, -0.611111111111111, -0.5, 0.05555555555555555, -0.38888888888888884, 0.05555555555555555, -0.8333333333333333, 0.05555555555555555, -0.2777777777777778, -0.38888888888888884, 0.16666666666666666, -0.611111111111111, -0.2777777777777778, -0.2777777777777778, -0.5, 0.05555555555555555, -0.16666666666666666, 0.2777777777777778, -0.05555555555555555, 0.05555555555555555, 0.2777777777777778, -0.5, -0.2777777777777778, 0.16666666666666666, -0.05555555555555555, -0.2777777777777778, -0.16666666666666666, -0.05555555555555555, -0.5, 0.38888888888888884, -0.05555555555555555, -0.05555555555555555, 0.05555555555555555, 0.16666666666666666, -0.16666666666666666, -0.8333333333333333, -0.2777777777777778, 0.05555555555555555, -0.38888888888888884, 0.05555555555555555, -0.8333333333333333, 0.38888888888888884, -0.16666666666666666, -0.05555555555555555, -0.05555555555555555, -0.16666666666666666, 0.05555555555555555, -0.16666666666666666, 0.2777777777777778, 0.05555555555555555, -0.16666666666666666, -0.38888888888888884, -0.2777777777777778, -0.16666666666666666, -0.16666666666666666, -0.5, -0.5, -0.5, -0.2777777777777778, 0.2777777777777778, 0.16666666666666666, -0.611111111111111, 0.2777777777777778, -0.05555555555555555, -0.16666666666666666, -0.2777777777777778, 0.05555555555555555, 0.38888888888888884, -0.2777777777777778, 0.16666666666666666], "C2": [0.2777777777777778, 0.5, 0.2777777777777778, 0.16666666666666666, 0.16666666666666666, 0.16666666666666666, 0.38888888888888884, 0.8333333333333333, 0.2777777777777778, -0.05555555555555555, 0.16666666666666666, 0.16666666666666666, -0.2777777777777778, 0.5, -0.16666666666666666, -0.05555555555555555, 0.05555555555555555, 0.16666666666666666, 0.05555555555555555, 0.38888888888888884, 0.611111111111111, 0.5, 0.05555555555555555, 0.611111111111111, -0.05555555555555555, 0.05555555555555555, 0.16666666666666666, -0.2777777777777778, 0.5, -0.05555555555555555, -0.16666666666666666, 0.38888888888888884, 0.2777777777777778, -0.05555555555555555, 0.16666666666666666, -0.38888888888888884, -0.05555555555555555, 0.38888888888888884, 0.05555555555555555, 0.38888888888888884, 0.5, 0.2777777777777778, 0.2777777777777778, 0.38888888888888884, 0.5, -0.05555555555555555, 0.16666666666666666, 0.16666666666666666, 0.16666666666666666, -0.16666666666666666, -0.38888888888888884, 0.16666666666666666, -0.05555555555555555, -0.2777777777777778, 0.05555555555555555, 0.611111111111111, -0.16666666666666666, -0.16666666666666666, 0.16666666666666666, 0.05555555555555555, -0.2777777777777778, 0.16666666666666666, -0.2777777777777778, 0.05555555555555555, 0.16666666666666666, 0.2777777777777778, -0.05555555555555555, 0.611111111111111, 0.16666666666666666, 0.38888888888888884, 0.2777777777777778, 0.16666666666666666, -0.38888888888888884, 0.5, 0.16666666666666666],