{"S1": [0.9444444444444444, -0.8333333333333333, 0.2777777777777778, 0.8333333333333333, -0.38888888888888884, -0.05555555555555555, -0.05555555555555555, 0.2777777777777778, -0.8333333333333333, -0.5], "S2": [-0.05555555555555555, 0.05555555555555555, -0.05555555555555555, 0.05555555555555555, -0.05555555555555555, 0.2777777777777778, -0.05555555555555555, -0.2777777777777778, 0.05555555555555555, 0.16666666666666666], "S3": [-0.8888888888888888, 0.7777777777777777, -0.2222222222222222, -0.8888888888888888, 0.4444444444444444, -0.2222222222222222, 0.1111111111111111, 0.0, 0.7777777777777777, 0.3333333333333333], "C1": [0.38888888888888884, 0.05555555555555555, 0.05555555555555555, 0.7222222222222222, -0.16666666666666666, 0.05555555555555555, 0.2777777777777778, 0.16666666666666666, -0.05555555555555555, -0.2777777777777778], "C2": [0.05555555555555555, -0.16666666666666666, 0.38888888888888884, 0.05555555555555555, -0.16666666666666666, 0.611111111111111, -0.05555555555555555, -0.16666666666666666, -0.05555555555555555, -0.2777777777777778], "C3": [-0.4444444444444444, 0.1111111111111111, -0.4444444444444444, -0.7777777777777777, 0.3333333333333333, -0.6666666666666666, -0.2222222222222222, 0.0, 0.1111111111111111, 0.5555555555555556], "N1": [0.7222222222222222, -0.611111111111111, -0.05555555555555555, 0.38888888888888884, -0.05555555555555555, 0.7222222222222222, 0.05555555555555555, 0.16666666666666666, -0.7222222222222222, -0.9444444444444444], "N2": [-0.05555555555555555, 0.38888888888888884, 0.2777777777777778, 0.2777777777777778, -0.05555555555555555, -0.05555555555555555, -0.2777777777777778, -0.05555555555555555, -0.16666666666666666, 0.5], "N3": [-0.6666666666666666, 0.2222222222222222, -0.2222222222222222, -0.6666666666666666, 0.1111111111111111, -0.6666666666666666, 0.2222222222222222, -0.1111111111111111, 0.8888888888888888, 0.4444444444444444]}