{"MonoBehaviour":{"m_Enabled":true,"m_EditorHideFlags":0,"m_Name":"","m_EditorClassIdentifier":"","m_MinSize":{"x":100.0,"y":100.0},"m_MaxSize":{"x":4000.0,"y":4000.0},"m_TitleContent":{"m_Text":"Stone aging","m_Image":{"instanceID":0},"m_Tooltip":""},"m_Pos":{"serializedVersion":"2","x":1268.0,"y":73.0,"width":651.0,"height":966.0},"m_ViewDataDictionary":{"instanceID":0},"albedoMap":{"fileID":2800000,"guid":"217f5eb7fc7eadb448095234ee6f91ce","type":3},"heightMap":{"fileID":2800000,"guid":"f79f8bd112aca6644bdf724eca244be1","type":3},"roughnessMap":{"fileID":2800000,"guid":"a749c6039ade59a42bffa4464847b59e","type":3},"iterations":300000,"effectiveMaxIterations":300000,"seed":22,"rainRate":1.0,"colorationParameters":{"blurRadius":2,"erosionDarkening":0.800000011920929,"noiseScale":5.0,"sedimentColor":{"serializedVersion":"2","key0":{"r":0.33725491166114809,"g":0.2705882489681244,"b":0.2039215862751007,"a":1.0},"key1":{"r":0.6823529601097107,"g":0.6196078658103943,"b":0.5215686559677124,"a":1.0},"key2":{"r":0.6392157077789307,"g":0.4901961088180542,"b":0.3686274588108063,"a":0.0},"key3":{"r":0.6901960968971252,"g":0.6000000238418579,"b":0.501960813999176,"a":0.0},"key4":{"r":0.0,"g":0.0,"b":0.0,"a":0.0},"key5":{"r":0.0,"g":0.0,"b":0.0,"a":0.0},"key6":{"r":0.0,"g":0.0,"b":0.0,"a":0.0},"key7":{"r":0.0,"g":0.0,"b":0.0,"a":0.0},"ctime0":0,"ctime1":32768,"ctime2":65342,"ctime3":65535,"ctime4":0,"ctime5":0,"ctime6":0,"ctime7":0,"atime0":0,"atime1":65535,"atime2":0,"atime3":0,"atime4":0,"atime5":0,"atime6":0,"atime7":0,"m_Mode":0,"m_NumColorKeys":3,"m_NumAlphaKeys":2},"sedimentOpacityModifier":1.0,"ironColor":{"r":0.849056601524353,"g":0.35229432582855227,"b":0.0,"a":0.0},"ironOpacityModifier":0.6000000238418579,"ironGranularity":200.0,"efflorescenceColor":{"r":1.0,"g":1.0,"b":1.0,"a":0.0},"efflorescenceOpacityModifier":0.6000000238418579,"efflorescenceGranularity":300.0},"erosionParameters":{"maxPath":1000,"inertia":0.10000000149011612,"capacity":8.0,"deposition":0.10000000149011612,"erosion":0.8999999761581421,"evaporation":0.05000000074505806,"radius":4.0,"minSlope":0.009999999776482582,"gravity":1.0,"erosionFactors":[0.8999999761581421,0.699999988079071]},"lichenParameters":{"scale":1.0,"initialSeeds":10,"alpha":0.00009999999747378752,"sigma":1.0,"tau":3.0,"rho":2.5,"maxPath":100,"particleRadius":1.0,"spawnEpsilon":1.0,"stepDistance":5.0,"deathRadius":10.0,"newSeedProbability":0.00009999999747378752,"noiseScale":100.0,"lichenHeightScale":0.20000000298023225,"maxClustersPerDay":20,"maxTotalClusters":20,"species":[{"color":{"r":0.364705890417099,"g":0.7176470756530762,"b":0.40392157435417178,"a":1.0},"weight":4},{"color":{"r":0.7411764860153198,"g":1.0,"b":0.772549033164978,"a":1.0},"weight":4},{"color":{"r":0.9098039269447327,"g":1.0,"b":0.9176470637321472,"a":1.0},"weight":2}],"directLightSensitivity":{"serializedVersion":"2","m_Curve":[{"serializedVersion":"3","time":0.0,"value":1.0,"inSlope":0.0,"outSlope":0.0,"tangentMode":0,"weightedMode":0,"inWeight":0.0,"outWeight":0.0},{"serializedVersion":"3","time":1.0,"value":0.0,"inSlope":0.0,"outSlope":0.0,"tangentMode":0,"weightedMode":0,"inWeight":0.0,"outWeight":0.0}],"m_PreInfinity":2,"m_PostInfinity":2,"m_RotationOrder":4},"indirectLightSensitivity":{"serializedVersion":"2","m_Curve":[{"serializedVersion":"3","time":0.0,"value":0.0,"inSlope":0.0,"outSlope":0.0,"tangentMode":0,"weightedMode":0,"inWeight":0.0,"outWeight":0.0},{"serializedVersion":"3","time":1.0,"value":1.0,"inSlope":0.0,"outSlope":0.0,"tangentMode":0,"weightedMode":0,"inWeight":0.0,"outWeight":0.0}],"m_PreInfinity":2,"m_PostInfinity":2,"m_RotationOrder":4},"moistureSensitivity":{"serializedVersion":"2","m_Curve":[{"serializedVersion":"3","time":0.0,"value":0.0,"inSlope":0.0,"outSlope":0.0,"tangentMode":0,"weightedMode":0,"inWeight":0.0,"outWeight":0.0},{"serializedVersion":"3","time":1.0,"value":1.0,"inSlope":0.0,"outSlope":0.0,"tangentMode":0,"weightedMode":0,"inWeight":0.0,"outWeight":0.0}],"m_PreInfinity":2,"m_PostInfinity":2,"m_RotationOrder":4}},"roughnessParameters":{"erosionModifier":-0.10000000149011612,"sedimentModifier":0.10000000149011612,"lichenModifier":0.10000000149011612},"saveLocation":39,"folderName":"StoneAge/Evaluation/Rock2Lichen2","animate":false,"iterationsPerFrame":3000}}