{"MonoBehaviour":{"m_Enabled":true,"m_EditorHideFlags":0,"m_Name":"","m_EditorClassIdentifier":"","m_MinSize":{"x":100.0,"y":100.0},"m_MaxSize":{"x":4000.0,"y":4000.0},"m_TitleContent":{"m_Text":"Stone aging","m_Image":{"instanceID":0},"m_Tooltip":""},"m_Pos":{"serializedVersion":"2","x":1436.0,"y":73.0,"width":483.0,"height":966.0},"m_ViewDataDictionary":{"instanceID":0},"albedoMap":{"fileID":2800000,"guid":"7b4219c24f23aff4b902154e0d0d114e","type":3},"heightMap":{"fileID":2800000,"guid":"d18d81e861c91794583cff0115240255","type":3},"roughnessMap":{"fileID":2800000,"guid":"fb92c01622467684b9434c9a33b24850","type":3},"iterations":300000,"effectiveMaxIterations":300000,"seed":0,"rainRate":0.0,"colorationParameters":{"blurRadius":2,"erosionDarkening":1.0,"noiseScale":5.0,"sedimentColor":{"serializedVersion":"2","key0":{"r":0.33725491166114809,"g":0.30588236451148989,"b":0.26274511218070986,"a":1.0},"key1":{"r":0.4078431725502014,"g":0.364705890417099,"b":0.3137255012989044,"a":1.0},"key2":{"r":0.7019608020782471,"g":0.6313725709915161,"b":0.5411764979362488,"a":0.0},"key3":{"r":0.6901960968971252,"g":0.6000000238418579,"b":0.501960813999176,"a":0.0},"key4":{"r":0.0,"g":0.0,"b":0.0,"a":0.0},"key5":{"r":0.0,"g":0.0,"b":0.0,"a":0.0},"key6":{"r":0.0,"g":0.0,"b":0.0,"a":0.0},"key7":{"r":0.0,"g":0.0,"b":0.0,"a":0.0},"ctime0":0,"ctime1":32768,"ctime2":65535,"ctime3":65535,"ctime4":0,"ctime5":0,"ctime6":0,"ctime7":0,"atime0":0,"atime1":65535,"atime2":0,"atime3":0,"atime4":0,"atime5":0,"atime6":0,"atime7":0,"m_Mode":0,"m_NumColorKeys":3,"m_NumAlphaKeys":2},"sedimentOpacityModifier":0.0,"ironColor":{"r":0.849056601524353,"g":0.35229432582855227,"b":0.0,"a":0.0},"ironOpacityModifier":0.0,"ironGranularity":200.0,"efflorescenceColor":{"r":1.0,"g":1.0,"b":1.0,"a":0.0},"efflorescenceOpacityModifier":0.0,"efflorescenceGranularity":300.0},"erosionParameters":{"maxPath":1000,"inertia":0.10000000149011612,"capacity":8.0,"deposition":0.10000000149011612,"erosion":0.8999999761581421,"evaporation":0.05000000074505806,"radius":4.0,"minSlope":0.009999999776482582,"gravity":1.0,"erosionFactors":[0.8999999761581421,0.699999988079071]},"lichenParameters":{"scale":1.0,"initialSeeds":100,"maxPath":100,"newSeedProbability":0.00009999999747378752,"noiseScale":100.0,"lichenHeightScale":0.10000000149011612,"maxClustersPerDay":50,"maxTotalClusters":100,"species":[{"color":{"r":0.9019608497619629,"g":0.9450981020927429,"b":0.9568628072738648,"a":1.0},"weight":60,"alpha":0.009999999776482582,"sigma":0.30000001192092898,"tau":1.5,"rho":2.25,"particleRadius":1.0,"spawnEpsilon":1.0,"stepDistance":5.0,"deathRadius":10.0,"directLightSensitivity":{"serializedVersion":"2","m_Curve":[{"serializedVersion":"3","time":0.0,"value":0.0,"inSlope":0.0,"outSlope":0.0,"tangentMode":0,"weightedMode":0,"inWeight":0.0,"outWeight":0.0},{"serializedVersion":"3","time":1.0,"value":1.0,"inSlope":0.0,"outSlope":0.0,"tangentMode":0,"weightedMode":0,"inWeight":0.0,"outWeight":0.0}],"m_PreInfinity":2,"m_PostInfinity":2,"m_RotationOrder":4},"indirectLightSensitivity":{"serializedVersion":"2","m_Curve":[{"serializedVersion":"3","time":0.0,"value":1.0,"inSlope":0.0,"outSlope":0.0,"tangentMode":0,"weightedMode":0,"inWeight":0.0,"outWeight":0.0},{"serializedVersion":"3","time":1.0,"value":0.0,"inSlope":0.0,"outSlope":0.0,"tangentMode":0,"weightedMode":0,"inWeight":0.0,"outWeight":0.0}],"m_PreInfinity":2,"m_PostInfinity":2,"m_RotationOrder":4},"moistureSensitivity":{"serializedVersion":"2","m_Curve":[{"serializedVersion":"3","time":0.0,"value":1.0,"inSlope":0.0,"outSlope":0.0,"tangentMode":0,"weightedMode":0,"inWeight":0.0,"outWeight":0.0},{"serializedVersion":"3","time":1.0,"value":0.0,"inSlope":0.0,"outSlope":0.0,"tangentMode":0,"weightedMode":0,"inWeight":0.0,"outWeight":0.0}],"m_PreInfinity":2,"m_PostInfinity":2,"m_RotationOrder":4}},{"color":{"r":0.8901961445808411,"g":0.960784375667572,"b":0.6235294342041016,"a":1.0},"weight":30,"alpha":0.009999999776482582,"sigma":0.30000001192092898,"tau":1.5,"rho":2.25,"particleRadius":1.0,"spawnEpsilon":1.0,"stepDistance":5.0,"deathRadius":10.0,"directLightSensitivity":{"serializedVersion":"2","m_Curve":[{"serializedVersion":"3","time":0.0,"value":0.0,"inSlope":0.0,"outSlope":0.0,"tangentMode":0,"weightedMode":0,"inWeight":0.0,"outWeight":0.0},{"serializedVersion":"3","time":1.0,"value":1.0,"inSlope":0.0,"outSlope":0.0,"tangentMode":0,"weightedMode":0,"inWeight":0.0,"outWeight":0.0}],"m_PreInfinity":2,"m_PostInfinity":2,"m_RotationOrder":4},"indirectLightSensitivity":{"serializedVersion":"2","m_Curve":[{"serializedVersion":"3","time":0.0,"value":1.0,"inSlope":0.0,"outSlope":0.0,"tangentMode":0,"weightedMode":0,"inWeight":0.0,"outWeight":0.0},{"serializedVersion":"3","time":1.0,"value":0.0,"inSlope":0.0,"outSlope":0.0,"tangentMode":0,"weightedMode":0,"inWeight":0.0,"outWeight":0.0}],"m_PreInfinity":2,"m_PostInfinity":2,"m_RotationOrder":4},"moistureSensitivity":{"serializedVersion":"2","m_Curve":[{"serializedVersion":"3","time":0.0,"value":1.0,"inSlope":0.0,"outSlope":0.0,"tangentMode":0,"weightedMode":0,"inWeight":0.0,"outWeight":0.0},{"serializedVersion":"3","time":1.0,"value":0.0,"inSlope":0.0,"outSlope":0.0,"tangentMode":0,"weightedMode":0,"inWeight":0.0,"outWeight":0.0}],"m_PreInfinity":2,"m_PostInfinity":2,"m_RotationOrder":4}},{"color":{"r":0.48235297203063967,"g":0.6274510025978088,"b":0.09019608050584793,"a":1.0},"weight":10,"alpha":0.009999999776482582,"sigma":0.30000001192092898,"tau":1.5,"rho":2.25,"particleRadius":1.0,"spawnEpsilon":1.0,"stepDistance":5.0,"deathRadius":10.0,"directLightSensitivity":{"serializedVersion":"2","m_Curve":[{"serializedVersion":"3","time":0.0,"value":0.0,"inSlope":0.0,"outSlope":0.0,"tangentMode":0,"weightedMode":0,"inWeight":0.0,"outWeight":0.0},{"serializedVersion":"3","time":1.0,"value":1.0,"inSlope":0.0,"outSlope":0.0,"tangentMode":0,"weightedMode":0,"inWeight":0.0,"outWeight":0.0}],"m_PreInfinity":2,"m_PostInfinity":2,"m_RotationOrder":4},"indirectLightSensitivity":{"serializedVersion":"2","m_Curve":[{"serializedVersion":"3","time":0.0,"value":1.0,"inSlope":0.0,"outSlope":0.0,"tangentMode":0,"weightedMode":0,"inWeight":0.0,"outWeight":0.0},{"serializedVersion":"3","time":1.0,"value":0.0,"inSlope":0.0,"outSlope":0.0,"tangentMode":0,"weightedMode":0,"inWeight":0.0,"outWeight":0.0}],"m_PreInfinity":2,"m_PostInfinity":2,"m_RotationOrder":4},"moistureSensitivity":{"serializedVersion":"2","m_Curve":[{"serializedVersion":"3","time":0.0,"value":1.0,"inSlope":0.0,"outSlope":0.0,"tangentMode":0,"weightedMode":0,"inWeight":0.0,"outWeight":0.0},{"serializedVersion":"3","time":1.0,"value":0.0,"inSlope":0.0,"outSlope":0.0,"tangentMode":0,"weightedMode":0,"inWeight":0.0,"outWeight":0.0}],"m_PreInfinity":2,"m_PostInfinity":2,"m_RotationOrder":4}}]},"roughnessParameters":{"erosionModifier":-0.10000000149011612,"sedimentModifier":0.10000000149011612,"lichenModifier":0.10000000149011612},"savePath":"C:/Users/Anders Steen/Pictures/StoneAge/Evaluation3/T1S1C2C2","animate":false,"iterationsPerFrame":100,"simulateSequence":false}}